{"filename":"/Users/ryland/Documents/git/AzFuncCertRenewal/__azurite_db_blob__.json","collections":[{"name":"$SERVICES_COLLECTION$","data":[],"idIndex":null,"binaryIndices":{},"constraints":null,"uniqueNames":["accountName"],"transforms":{},"objType":"$SERVICES_COLLECTION$","dirty":false,"cachedIndex":null,"cachedBinaryIndex":null,"cachedData":null,"adaptiveBinaryIndices":true,"transactional":false,"cloneObjects":false,"cloneMethod":"parse-stringify","asyncListeners":false,"disableMeta":false,"disableChangesApi":true,"disableDeltaChangesApi":true,"autoupdate":false,"serializableIndices":true,"disableFreeze":true,"ttl":null,"maxId":0,"DynamicViews":[],"events":{"insert":[],"update":[],"pre-insert":[],"pre-update":[],"close":[],"flushbuffer":[],"error":[],"delete":[null],"warning":[null]},"changes":[],"dirtyIds":[]},{"name":"$CONTAINERS_COLLECTION$","data":[{"accountName":"devstoreaccount1","name":"azure-webjobs-hosts","properties":{"etag":"\"0x2176FF9294DA3E0\"","lastModified":"2023-02-05T03:17:19.152Z","leaseStatus":"unlocked","leaseState":"available","hasImmutabilityPolicy":false,"hasLegalHold":false},"meta":{"revision":0,"created":1675567039153,"version":0},"$loki":1}],"idIndex":null,"binaryIndices":{"accountName":{"name":"accountName","dirty":false,"values":[0]},"name":{"name":"name","dirty":false,"values":[0]}},"constraints":null,"uniqueNames":[],"transforms":{},"objType":"$CONTAINERS_COLLECTION$","dirty":false,"cachedIndex":null,"cachedBinaryIndex":null,"cachedData":null,"adaptiveBinaryIndices":true,"transactional":false,"cloneObjects":false,"cloneMethod":"parse-stringify","asyncListeners":false,"disableMeta":false,"disableChangesApi":true,"disableDeltaChangesApi":true,"autoupdate":false,"serializableIndices":true,"disableFreeze":true,"ttl":null,"maxId":1,"DynamicViews":[],"events":{"insert":[],"update":[],"pre-insert":[],"pre-update":[],"close":[],"flushbuffer":[],"error":[],"delete":[null],"warning":[null]},"changes":[],"dirtyIds":[]},{"name":"$BLOBS_COLLECTION$","data":[{"deleted":false,"accountName":"devstoreaccount1","containerName":"azure-webjobs-hosts","name":"locks/rylandsmbp-1253145631/Host.Functions.RenewLECerts.Listener","properties":{"creationTime":"2023-02-05T03:17:19.155Z","lastModified":"2023-02-05T03:17:19.155Z","etag":"\"0x1C27C1ECD503950\"","contentLength":0,"contentType":"application/octet-stream","contentMD5":{"type":"Buffer","data":[212,29,140,217,143,0,178,4,233,128,9,152,236,248,66,126]},"blobType":"BlockBlob","leaseStatus":"locked","leaseState":"leased","serverEncrypted":true,"accessTier":"Hot","accessTierInferred":true,"accessTierChangeTime":"2023-02-05T03:17:19.155Z","leaseDuration":"fixed"},"snapshot":"","isCommitted":true,"persistency":{"id":"9f3f6341-4eb7-4f6f-b2bc-749bad019c40","offset":0,"count":0},"meta":{"revision":34,"created":1675567039166,"version":0,"updated":1675567352661},"$loki":1,"leaseId":"63f688bf-93a6-4daf-8fe4-61f957cf6762","leaseExpireTime":"2023-02-05T03:22:47.661Z","leaseDurationSeconds":15},{"deleted":false,"accountName":"devstoreaccount1","containerName":"azure-webjobs-hosts","name":"timers/rylandsmbp-1253145631/Host.Functions.RenewLECerts/status","properties":{"creationTime":"2023-02-05T03:17:19.196Z","lastModified":"2023-02-05T03:17:19.196Z","etag":"\"0x22E5989F1E7A600\"","contentLength":114,"contentType":"application/octet-stream","contentMD5":{"type":"Buffer","data":[92,87,196,103,18,34,242,85,243,241,136,87,198,30,46,241]},"blobType":"BlockBlob","leaseStatus":"unlocked","leaseState":"available","serverEncrypted":true,"accessTier":"Hot","accessTierInferred":true,"accessTierChangeTime":"2023-02-05T03:17:19.196Z"},"snapshot":"","isCommitted":true,"persistency":{"id":"9f3f6341-4eb7-4f6f-b2bc-749bad019c40","offset":0,"count":114},"meta":{"revision":0,"created":1675567039203,"version":0},"$loki":2},{"deleted":false,"metadata":{"FunctionInstance":"0000000000000000000000002E1AAAF8"},"accountName":"devstoreaccount1","containerName":"azure-webjobs-hosts","name":"locks/rylandsmbp-1253145631/host","properties":{"creationTime":"2023-02-05T03:17:23.937Z","lastModified":"2023-02-05T03:19:44.894Z","etag":"\"0x208C1FFF17C0640\"","contentLength":0,"contentType":"application/octet-stream","contentMD5":{"type":"Buffer","data":[212,29,140,217,143,0,178,4,233,128,9,152,236,248,66,126]},"blobType":"BlockBlob","leaseStatus":"locked","leaseState":"leased","serverEncrypted":true,"accessTier":"Hot","accessTierInferred":true,"accessTierChangeTime":"2023-02-05T03:17:23.937Z","leaseDuration":"fixed"},"snapshot":"","isCommitted":true,"persistency":{"id":"9f3f6341-4eb7-4f6f-b2bc-749bad019c40","offset":114,"count":0},"meta":{"revision":28,"created":1675567043946,"version":0,"updated":1675567352904},"$loki":3,"leaseId":"0000000000000000000000002E1AAAF8","leaseExpireTime":"2023-02-05T03:22:47.903Z","leaseDurationSeconds":15}],"idIndex":[1,2,3],"binaryIndices":{"accountName":{"name":"accountName","dirty":false,"values":[2,0,1]},"containerName":{"name":"containerName","dirty":false,"values":[2,0,1]},"name":{"name":"name","dirty":false,"values":[0,2,1]},"snapshot":{"name":"snapshot","dirty":false,"values":[2,0,1]}},"constraints":null,"uniqueNames":[],"transforms":{},"objType":"$BLOBS_COLLECTION$","dirty":false,"cachedIndex":null,"cachedBinaryIndex":null,"cachedData":null,"adaptiveBinaryIndices":true,"transactional":false,"cloneObjects":false,"cloneMethod":"parse-stringify","asyncListeners":false,"disableMeta":false,"disableChangesApi":true,"disableDeltaChangesApi":true,"autoupdate":false,"serializableIndices":true,"disableFreeze":true,"ttl":null,"maxId":3,"DynamicViews":[],"events":{"insert":[],"update":[],"pre-insert":[],"pre-update":[],"close":[],"flushbuffer":[],"error":[],"delete":[null],"warning":[null]},"changes":[],"dirtyIds":[]},{"name":"$BLOCKS_COLLECTION$","data":[],"idIndex":null,"binaryIndices":{"accountName":{"name":"accountName","dirty":false,"values":[]},"containerName":{"name":"containerName","dirty":false,"values":[]},"blobName":{"name":"blobName","dirty":false,"values":[]},"name":{"name":"name","dirty":false,"values":[]}},"constraints":null,"uniqueNames":[],"transforms":{},"objType":"$BLOCKS_COLLECTION$","dirty":false,"cachedIndex":null,"cachedBinaryIndex":null,"cachedData":null,"adaptiveBinaryIndices":true,"transactional":false,"cloneObjects":false,"cloneMethod":"parse-stringify","asyncListeners":false,"disableMeta":false,"disableChangesApi":true,"disableDeltaChangesApi":true,"autoupdate":false,"serializableIndices":true,"disableFreeze":true,"ttl":null,"maxId":0,"DynamicViews":[],"events":{"insert":[],"update":[],"pre-insert":[],"pre-update":[],"close":[],"flushbuffer":[],"error":[],"delete":[null],"warning":[null]},"changes":[],"dirtyIds":[]}],"databaseVersion":1.5,"engineVersion":1.5,"autosave":true,"autosaveInterval":5000,"autosaveHandle":null,"throttledSaves":true,"options":{"autosave":true,"autosaveInterval":5000,"serializationMethod":"normal","destructureDelimiter":"$<\n"},"persistenceMethod":"fs","persistenceAdapter":null,"verbose":false,"events":{"init":[null],"loaded":[],"flushChanges":[],"close":[],"changes":[],"warning":[]},"ENV":"NODEJS"}